ImageFilename,GlassDamage,WaterDamage,BumperDamage,RolledOver,SideDoorDamage,SlidOffRoad,UrbanLocation,SuburbanLocation,RuralLocation,DayTime,NightTime,ClearWeather,RainyWeather,SnowyWeather,DryRoadCondition,WetRoadCondition,SnowyRoadCondition,Bumps&Dings,EngineDamage,ExtremeDamageSeverity,HighDamageSeverity,ModerateDamageSeverity,LowDamageSeverity,NoDamageSeverity
car-accident-00097.jpg,10.0392349,6.22595623,41.3453877,0.27325425799999997,13.630791,6.07784241,24.572821,68.7479258,44.2137927,90.39519,21.2859318,96.75111,5.1317423600000005,2.23779678,92.33348,13.6481836,5.655021,42.974478,14.8898363,2.8264620000000003,14.263545,39.674836400000004,21.831587,76.59566
car-accident-00629.png,37.38447,0.7479167999999999,67.7715659,0.7036937,35.1877749,12.4924809,3.84262577,56.45243,43.5626119,91.66346,10.6033072,91.6369855,7.775022,0.9147791000000001,89.97715,5.63973226,2.769038,81.33505,15.043428500000001,7.34313652,35.4982823,15.746595,18.3727816,7.70000145
car-accident-00215.jpeg,60.6847346,5.063056,78.10946,59.418040000000005,55.116719999999994,27.9046774,46.909672,69.36325,46.092240000000004,88.4048,21.6647536,91.80021,24.7365639,4.874345,93.43736,26.0371447,4.348218999999999,79.62648,57.364850000000004,67.86176999999999,21.928915399999998,39.8989946,19.008146200000002,8.401107
car-accident-00109.jpg,6.419366999999999,14.42243,42.5621241,2.2078227299999997,16.1916509,10.4172654,27.2398978,78.6849737,31.575370000000003,95.7448363,11.0144749,96.78228,5.24322,5.01229875,95.0060546,8.308995,5.058705,41.4011627,15.2613938,10.6508091,11.420513699999999,46.902969999999996,21.5515286,69.26607489999999
car-accident-00078.jpg,13.1122336,2.141798,56.831529999999994,18.4822023,16.823491500000003,4.252477000000001,43.27984,71.80313000000001,17.2811091,90.5047,12.5267491,95.25484440000001,3.74486633,2.56301835,93.70954,4.04036827,4.93756235,87.0898068,17.045938999999997,23.7188965,2.64194328,9.87496749,55.698835800000005,14.040292800000001
car-accident-00407.jpg,49.532090000000004,5.45620844,89.04543000000001,39.7010952,41.9154555,15.123539999999998,12.8728226,59.80548,38.520061999999996,94.3272352,8.49082246,91.0246,19.6945384,5.2245800000000004,73.92482,38.406386999999995,6.907718999999999,97.79263,72.4799335,72.72776,40.9648716,19.48837,23.8007411,0.313266576
car-accident-00355.jpg,71.69776,5.61417826,84.9529266,42.875132,61.45564999999999,21.0156262,14.414309,72.79713,65.5516863,97.38506,19.8272482,94.91122,20.5021545,5.43560758,90.69335,27.838513300000002,12.9938215,96.29476,45.368582,72.4016666,21.53118,31.394689999999997,29.401284500000003,1.34198684
car-accident-00303.jpg,72.3373353,0.943137,98.48326440000001,0.914592,42.28844,18.4503481,11.2558864,87.10496429999999,61.3584459,98.33147,33.4456146,98.66895,12.1338747,3.079991,98.20381,11.0529892,14.4174531,99.3717551,64.83057,27.033114400000002,81.9016635,28.825306899999998,16.3644582,5.538887
car-accident-00468.jpeg,23.6571014,10.356953,91.41664510000001,10.6313832,18.7752128,26.7864466,30.5331737,79.26253,64.74021,99.50319,7.591373999999999,97.70062,15.066005299999999,7.640143000000001,95.2253938,24.3791983,18.8061133,95.52709,33.37523,27.0406455,31.66248,42.221307800000005,52.8905034,9.475045
car-accident-00412.jpg,37.51826,22.7431625,62.77271,5.77438176,46.3185072,22.3855466,44.928639999999994,40.30256,58.766929999999995,96.03076,9.86729562,93.8104,26.0200173,3.5174828,79.26335329999999,59.85248,2.875471,80.06345999999999,49.88056,24.68848,43.8025773,47.41298,10.332206600000001,23.755905
car-accident-00711.jpg,62.1283,1.74349453,94.5273936,50.97897999999999,72.48407999999999,21.0907131,32.5939745,52.09072999999999,43.2270646,67.8874552,65.0234,95.05598549999999,10.1064555,1.6539653800000003,94.3128645,12.847371399999998,2.087795,98.5751033,82.02167,93.3997631,17.700955299999997,4.36719842,3.52986343,1.39600579
car-accident-00047.jpg,25.085371699999996,13.576476300000001,47.5156,0.4315167,39.2607838,42.473870000000005,7.886717999999999,56.53288,78.70291999999999,99.00558000000001,2.8256375300000003,92.9842651,15.8442318,5.76498769,85.50222,34.4331533,17.0057923,51.23789,18.339175,7.121302,37.9157722,46.0991442,30.308303199999997,50.667136899999996
car-accident-00012.jpg,91.9828653,9.04783159,92.33305,97.69127,91.38804,92.64708999999999,28.3131361,18.07143,97.48661,97.2730756,42.37862,94.38094500000001,48.719649999999994,19.36408,91.6963756,54.8490763,23.7129986,99.0742743,86.13914,97.80157,52.7072,16.0745516,7.3624670000000005,1.5248914199999999
car-accident-00576.jpg,58.235170000000004,4.691020399999999,83.0545843,0.651268149,52.5782645,46.8484432,10.2080978,72.38873,83.0407,98.98592000000001,18.9901039,97.6189733,13.635745599999998,7.04839155,94.18681,32.4204415,14.0817463,87.72064,43.8183427,22.21702,60.65208,49.285957200000006,22.409760000000002,44.7858483
car-accident-00203.JPG,80.2642167,1.7777292100000002,84.17825,90.74705,73.66844,51.436823600000004,34.7513378,37.183067199999996,54.0182948,96.4384,6.07545748,91.30992,7.1149450000000005,12.2956008,87.6146555,9.26421657,11.7471494,93.63318000000001,44.8515564,86.97505,8.101066,16.4370641,7.111522000000001,1.06385583
car-accident-00678.jpg,7.892129000000001,2.0122759,59.76220370000001,0.9524523,8.94007,17.8748444,28.310433000000003,72.6881862,33.4153056,67.18223,66.98536,90.9302354,10.3870787,2.30796132,87.04963,22.0031768,3.58179,56.1611831,24.428945799999997,5.770621,16.845274,44.53857,17.4585313,59.944649999999996
car-accident-00074.jpg,16.741921,24.72739,36.799929999999996,0.6392796000000001,19.5438236,24.33479,23.0034769,57.84375670000001,46.3084221,96.10511000000001,7.6624479999999995,94.2269266,21.377137299999998,3.47835533,76.096,57.1507,5.754906,41.4636225,31.257683000000004,7.378593,58.73893,45.914739999999995,10.1696864,64.77611
car-accident-00140.jpg,93.46639,3.64210643,81.58876000000001,96.57643999999999,89.0998,93.01071,5.950946,18.2892784,96.08533,98.53486000000001,5.68170771,95.3879058,20.8474785,5.471133,94.84629,25.0057667,4.549946,93.10896,55.77308,98.43227,12.722455,8.777142,1.7262447600000002,0.256787171
car-accident-00706.jpg,51.48862,11.706538499999999,83.9643538,39.3568426,63.71393,40.216112100000004,15.1035264,31.530272999999998,80.4865539,82.0904136,32.01389,52.14228,47.7116644,16.7310923,24.3040323,76.57057,14.0376076,87.0723367,81.4330459,67.64529350000001,78.8587034,40.5434817,0.8992465999999999,1.11467671
car-accident-00053.jpg,32.1093529,3.727748,65.8201337,5.63702881,44.3258822,9.546349,70.66018,61.17705,30.7805657,96.5761364,16.584155,94.51951,19.3934,1.98948458,92.95855,29.2336,4.1440980000000005,81.85758589999999,32.184696200000005,28.33598,19.1755518,35.732459999999996,6.445461,42.785868
car-accident-00196.jpg,87.343967,3.10195927,94.13549,96.3033438,87.38546000000001,39.1955,50.98702000000001,53.27135320000001,43.754518,97.43849,8.311729,92.651,13.490737999999999,13.2104486,89.6153331,25.860729999999997,9.26313549,97.46555690000001,72.7721453,95.4384565,12.5728026,20.8509848,3.93733233,1.3263898
car-accident-00592.jpg,3.9825649999999997,98.6617,4.548696,0.038622078100000005,3.155115,5.01310825,11.447320900000001,85.0750864,44.606971699999995,98.62819999999999,7.22474456,90.36986,41.886282,7.198391,4.24237177,99.4377434,8.44802558,3.16797271,77.1008,3.0207665599999998,84.64382,49.94321,14.203466500000001,62.460249999999995
car-accident-00641.png,95.86448,3.38459164,51.80639,11.756704,23.4295234,3.8680285199999997,0.996637251,80.24749,45.140325999999995,97.3016,5.7883,91.6161,24.563796800000002,0.651328266,82.0224643,34.3475223,1.86897852,85.58648,59.67003,63.85811,8.991448,2.60337628,36.7969,0.0445593527
car-accident-00149.JPG,62.46595000000001,1.803963,88.05397,91.28987,85.04166,34.772180000000006,29.70275,57.12389,58.51873,93.05239320000001,24.2101282,96.03815,7.544695,4.7584448,96.2054133,10.1873837,6.05805777,96.37832,58.13807,90.76281,7.815510000000001,13.030149999999999,7.84850642,4.03365232
car-accident-00220.jpg,96.86876,1.5171947,99.3005037,9.283532999999998,92.09773999999999,17.946662,32.81143,74.60105999999999,75.36427,99.6345,7.943852999999999,99.10185,24.9282122,2.40716077,98.71663000000001,24.0057468,5.29028624,99.9001741,95.6795156,96.58757449999999,53.10172440000001,19.08519,7.93815851,0.1812789
car-accident-00126.jpg,98.74524,2.1235086,92.47489,95.1654434,96.5584636,27.3089945,3.24074626,26.670700000000004,91.11794,98.4986961,3.28896567,84.95163,17.8982466,8.66338462,63.422894500000005,47.9230583,8.446808,98.92358999999999,74.18885,99.64110000000001,6.52236938,4.392255,0.19928207600000003,0.0223891038
car-accident-00197.jpg,58.617734899999995,2.302015,44.9950874,16.1791354,60.08921,90.17514,1.18795326,48.7980425,90.1288569,99.04835,5.1311433300000004,53.794014499999996,2.29742918,83.94937,42.3754066,6.872377999999999,78.3410251,60.107314599999995,16.5588573,58.477630000000005,13.4610072,26.777765199999997,20.4209432,0.519439764
car-accident-00682.jpg,18.4360936,47.664186400000006,40.6974167,4.751761,11.706309,25.9687126,32.6603055,68.26286,67.7215755,97.9952931,13.1271988,94.83868,32.40672,5.65292127,76.9132257,58.660954200000006,9.106871,48.421144500000004,29.103153900000002,18.3203444,28.3806771,56.88702,31.354397499999997,24.0390033
car-accident-00081.jpg,29.2478323,10.8050205,79.59843,16.7675823,42.2968417,38.122925200000005,5.3304057600000005,59.8830342,72.52912,87.35114,27.243813900000003,86.56172,10.3061534,24.4094059,86.5048647,14.793564400000001,13.8319358,90.6423569,53.6991,35.3536725,42.40557,48.24816,21.3193282,8.56277943
car-accident-00255.jpg,13.465733799999999,12.1749483,64.88549,4.092519,22.0056221,16.81363,44.3333417,80.521214,48.99841,91.11042,38.112590000000004,96.16395,18.765716299999998,3.9831113100000004,91.51638,31.217699999999997,6.239879,72.00501,26.6763926,20.3684166,10.367203499999999,43.6835647,31.2818378,64.73953999999999
car-accident-00671.jpg,43.0278331,1.9665338099999998,98.85799,12.6557648,42.959502300000004,21.9129249,32.8926831,87.91489999999999,63.5481238,98.61723,39.13563,98.850435,36.085546,3.5161431899999998,98.13843,28.105710000000002,7.699958,99.7603536,71.03105,59.293437000000004,45.7645476,27.7522683,70.01317,2.008292
car-accident-00664.jpg,36.5377218,2.32305452,94.7832763,11.1488454,24.419271900000002,38.78437,31.9310278,65.11459,78.67127,88.5502636,65.04214,88.80705,17.8829774,17.3567891,89.58599000000001,17.5929353,20.1382145,95.22706,46.649536499999996,40.4699773,31.736818,29.5906216,29.354629999999997,5.1887360000000005
car-accident-00315.jpg,15.394322599999999,24.776680000000002,26.7457247,0.5635707640000001,18.95017,29.937723300000002,24.9620333,72.65119,69.38693,98.31089,16.1631256,96.30195,21.4774057,7.288008,81.6444039,57.96227459999999,13.2186845,45.74219,24.7331128,8.382979,35.24029,49.4081467,28.93088,78.2484233
car-accident-00428.png,45.1600075,1.5367274199999998,74.60159,0.8682255999999999,49.9312431,98.6614645,0.983397849,26.940150000000003,98.8032043,99.69222549999999,2.8186269999999998,76.20181000000001,19.4344476,63.94286,62.61276,48.67431,68.46163,86.0343,8.039321000000001,7.68036544,83.04059000000001,30.5237859,8.828457,32.7208221
car-accident-00591.jpg,29.007771599999998,99.4035542,3.579955,2.8175123,15.2260169,33.19754,2.883751,45.434463,90.47125,96.67027999999999,17.421805900000003,87.18558,28.6333442,28.201340000000002,4.907848690000001,95.30718329999999,29.558041699999997,6.577972,66.1950767,48.909760000000006,61.8135,57.97478,34.0739429,4.27112244
car-accident-00161.jpg,83.54158000000001,2.88435444,92.14287399999999,97.94959,92.2112048,72.0686555,7.133974,25.59136,90.7106,93.90511000000001,23.76692,87.5423253,18.52863,18.839012099999998,78.3284962,27.1185815,26.198416899999998,97.53476380000001,77.71131,97.1200645,28.1654835,13.0885392,2.21469644,0.6672833579999999
car-accident-00266.jpg,90.03797999999999,6.910813,95.7177162,13.541623999999999,94.48864999999999,48.411989999999996,16.9155315,53.87051699999999,90.98161,99.19041,18.45787,98.724854,17.5130919,5.44177741,95.2029943,45.3326821,9.292791000000001,99.005276,95.58937549999999,95.79984999999999,72.0776,33.4224969,3.5180542600000004,0.8089378479999999
car-accident-00616.png,91.14551,3.3526513700000002,6.381658,2.34033111,13.8019055,1.96541026,2.5648440000000003,82.26598,11.6608486,82.90456,6.85535446,94.46168,4.31083962,0.407069828,90.74535,4.307856,1.02071846,22.947444,5.6944225,9.677765520000001,2.0302588100000003,2.48058513,86.49909,0.8615858000000001
car-accident-00365.jpg,18.696391600000002,1.5750402600000002,64.62616,3.8699243199999995,22.37097,74.39121,25.2590954,60.032373699999994,44.8996156,98.35971,1.8840590000000002,19.1019267,14.973804399999999,89.861095,23.678946500000002,16.2452161,88.35587000000001,69.97317,8.711077,5.71349934,66.04432460000001,65.84385999999999,12.8498316,20.9516674
car-accident-00318.jpg,25.7910073,5.88947535,85.9152436,0.316945673,19.5206776,12.6275942,37.661007000000005,81.13941,41.3180023,97.70083000000001,23.223648999999998,99.24864,10.48888,1.14108752,94.22643000000001,48.1258869,2.59684324,88.97408999999999,61.4154637,9.79929343,70.67523999999999,59.15273,4.583768,36.6480172
car-accident-00520.jpeg,5.891806,7.734334,23.7958357,0.545443268,4.83247526,3.8299493499999997,44.67204,66.6216254,16.3681,91.31854,5.44208437,92.5938,13.878712100000001,0.642103748,85.10502,26.2010574,0.6379265000000001,19.9030787,16.9509739,3.4612957399999997,9.76576358,44.6636647,12.2047566,75.8470535
car-accident-00298.jpg,79.44386,7.472349,96.0357666,1.24637606,69.1521,33.98113,18.690668,79.8236549,80.14423000000001,99.24398,14.2361239,98.72467520000001,23.968558,2.464347,95.28485,54.99003999999999,4.43257168,98.99226,95.0261533,73.9453435,73.65982,34.007868200000004,16.4441079,1.4003368999999999
car-accident-00559.jpeg,5.143806339999999,8.737201,22.700340999999998,4.086711,13.4852678,8.34641457,43.2561576,56.19277,38.7621343,81.28264,22.04027,94.58674,7.941179,1.885065,90.3194845,13.577513399999999,2.67297365,29.501164000000003,9.739815,11.057478900000001,3.39779146,33.77141,17.806862300000002,83.25399
car-accident-00527.jpg,13.53849,8.45627,33.590734,0.179564732,9.860504,5.437456,65.83426,84.0205967,5.351241,96.8103349,7.021458999999999,95.74524,13.521672800000001,1.34093175,90.8119559,42.0919985,2.485309,46.8998,23.9042163,3.194907,14.73394,41.00367,16.202323099999997,91.61146
car-accident-00264.jpg,61.06797,14.2682329,89.37973380000001,0.24612047700000003,57.4641466,14.2669529,21.313104,81.2455237,76.55281000000001,99.08292,31.630754500000002,98.5269368,25.9946644,3.4610286400000003,91.74018000000001,76.07851,5.40498,92.66284,88.82900000000001,39.56784,68.41596,67.22722,14.634108500000002,21.040515600000003
car-accident-00581.jpg,11.772947,10.7089356,46.7499524,0.40274174,12.743455200000001,18.6468124,34.3919784,81.25482000000001,43.9626426,89.71449,48.215547199999996,97.53471,22.4650726,1.1323764,91.8275654,50.4888833,2.08669249,55.8854938,43.96282,6.306378,26.88329,38.34022,28.2364041,84.57061999999999
car-accident-00676.jpg,6.5850539999999995,7.10286051,33.2148939,0.354305212,7.089597,5.42295873,41.127193,66.74579,31.6687375,79.542017,50.3864765,96.40416499999999,5.1000133199999995,1.30473832,87.3733938,21.9643071,3.44821922,31.342115999999997,20.478847599999998,2.7595696999999997,16.1138058,33.3842725,12.2422874,79.50026
car-accident-00243.jpg,92.8658545,1.25444178,98.6198,14.690949,95.24412,45.2258766,18.392916,57.68534,71.7162848,96.8368,22.2585022,92.92515,36.1859769,3.87599245,89.88083,49.625352,6.03753254,99.6131241,93.7220335,87.75527480000001,79.4139266,30.417569999999998,1.39451632,0.8096011000000001
car-accident-00482.jpg,17.208159000000002,3.0812801800000003,66.67442319999999,8.143595,18.4661344,8.036216,9.17718038,73.39582999999999,39.4798249,97.6276159,2.53211167,94.6084738,8.443056,1.90305747,87.98998999999999,13.9601648,3.4932725099999997,77.16720000000001,16.117678599999998,10.5198339,26.625153400000002,28.523534499999997,15.0768876,12.3529956
car-accident-00574.jpg,3.66646647,15.2239665,20.3968048,0.2290505,4.8602335199999995,4.902016,34.1003567,64.97932,36.8765,91.5182233,11.793012899999999,97.9051232,2.0702868700000003,2.8979850000000003,89.05628,16.0919651,4.7321729999999995,16.0895273,14.01167,1.5868488699999999,25.818005199999998,52.43113,14.880448600000001,79.2362869
car-accident-00071.JPG,36.3226861,50.9063065,63.88579,1.89561527,48.1545657,40.0611162,13.443397000000001,52.550876099999996,87.08129,97.10354,22.3236829,94.9101567,41.5421635,7.19974563,73.56934550000001,82.60564000000001,6.769962609999999,80.20679349999999,65.3292537,38.8075054,60.23932,47.0267951,23.9166349,21.788764
car-accident-00184.jpg,88.37468000000001,5.7856492699999995,82.2950959,97.13369,85.41442,83.7083161,15.283069,42.8063422,90.64138,98.47827,18.0397689,96.65454,22.46743,10.0839593,96.8586862,31.0798138,11.1206822,94.62224,44.3970859,95.55031000000001,17.4270362,18.7541455,9.830701999999999,2.30084229
car-accident-00263.jpg,69.1070735,5.10122478,88.36606,18.8068435,72.54402639999999,51.08889,47.4150449,63.2519662,57.6307237,97.38719,16.5354162,90.64916,45.87262,9.057222,87.86362,56.5058053,9.059370999999999,95.6815362,77.1238446,69.59607,57.086000000000006,58.474990000000005,3.42941768,13.734053099999999
car-accident-00498.jpg,46.3470757,2.63181757,88.37866,6.405318,25.7407546,25.086551899999996,9.35690552,79.53397629999999,52.42207,92.71633,37.91778,91.62898,9.28419158,13.5029808,92.71566999999999,8.068319,16.6769683,95.06197,20.8965018,25.283256199999997,48.0868042,32.0981473,26.2684435,7.4807239999999995
car-accident-00171.jpg,65.84254,4.4927027100000005,82.63221,93.23464630000001,71.59773,28.553637900000002,14.5944878,25.0581473,67.31591999999999,82.9002261,20.5469653,92.05142,8.53973851,3.83745246,91.8920755,13.537217700000001,3.07757761,89.7096634,55.665319999999994,91.24057,10.52126,8.322396999999999,2.707427,3.5392135399999995
car-accident-00342.jpg,70.17042000000001,10.672748799999999,71.1709738,0.657127472,65.9499764,86.5128,1.65420175,29.522544099999998,96.37613999999999,98.30723,8.153425,92.0693338,18.6969131,9.6365504,76.24849999999999,46.3323385,15.369491299999998,82.0557058,47.62862,18.4841275,79.00992,35.6224447,12.590026900000002,16.6983351
car-accident-00064.jpeg,87.95399,11.647739999999999,78.88342,8.086499,84.9286,51.16936,9.752518,37.5474274,83.759594,95.45320000000001,14.09641,92.983675,17.3379108,9.93227139,84.558773,46.716556,11.560295499999999,91.10341,45.818302,69.52454999999999,49.4229466,33.3351642,7.530573,5.40230647
car-accident-00036.jpg,20.09416,4.104281,68.91483000000001,3.09491977,27.3500741,12.872158,33.23329,83.1928551,52.467549999999996,98.93672,14.4763321,98.98285,7.9742714800000005,2.3407148199999996,97.9643166,14.2257109,6.459179519999999,82.2473943,18.7706068,16.42439,8.733094,43.5304552,40.46918,47.99572
car-accident-00288.jpg,80.0787866,10.1023056,97.77356999999999,41.6713625,71.63404,30.3239822,27.0364583,76.39458,63.7775838,98.11761,19.1712022,97.24530999999999,28.7944436,9.567801,92.17984,41.29918,15.3329566,99.64150000000001,94.74709999999999,93.792665,53.28108,20.287545,14.9561688,1.10045215
car-accident-00252.jpg,93.69064,0.4374403,98.653084,79.73566,89.72216,53.25966,36.651559999999996,53.129599999999996,66.96543,97.83845,22.8749827,97.04645,21.7340484,4.27873954,96.14194,31.023279999999996,7.198924,99.73500370000001,91.52257,96.44662000000001,34.57139,14.4118235,2.2915205000000003,0.229030265
car-accident-00653.jpg,29.890349999999998,2.56393477,93.0804253,1.54938251,7.133396,26.3510168,20.865450799999998,82.95394,56.6887856,80.2777767,87.15753000000001,85.9039,40.7755971,15.0483236,81.6135347,37.05752,29.644330000000004,97.0063567,43.761070000000004,6.49317354,81.0802758,50.97508429999999,36.31736,12.302225799999999
car-accident-00519.jpg,8.228959,5.273043,66.9178367,1.860731,6.16718754,11.0099263,77.45276,90.4367745,4.15337421,94.88758,14.636264700000002,88.9935136,35.61706,3.47067453,87.5919163,38.142564899999996,5.48560359,67.93332,23.9403173,3.7778805899999996,22.6650834,59.75376369999999,32.33667,80.8456838
car-accident-00667.jpg,25.63738,0.9172695999999999,67.29089,7.490355999999999,24.7959465,68.37913,2.3807080000000003,25.0887275,48.2776225,50.798989999999996,25.2700776,13.9461175,16.7689785,39.8072451,12.9819617,40.657931600000005,18.651746199999998,68.35641,27.9533327,18.712841,32.7428728,15.5858561,1.5981482299999998,1.6937130000000002
car-accident-00456.jpg,12.4800749,6.059359000000001,69.47687,1.30997943,14.2769054,7.746588999999999,44.5185184,89.9637759,37.1442,97.66891,19.10364,98.33537,11.674349000000001,2.95774136,97.2843468,11.070101000000001,9.883611,78.04168460000001,8.893012,4.975256,11.1468025,37.7969444,86.44529,68.4977651
car-accident-00501.jpg,6.457618,2.98475437,22.3142281,0.691111339,1.30458847,3.42757925,3.641734,80.1512,16.2585333,82.0085168,11.1462973,89.699775,3.3744186199999997,1.47669837,87.36762999999999,3.2053716500000005,2.712459,41.204926400000005,1.93009824,1.13508571,2.4947721499999997,12.8543988,90.76056,12.44371
car-accident-00417.jpg,3.788067,63.832840000000004,6.213556,7.148820000000001,7.799628,94.66322000000001,1.47815673,50.3078938,89.8724258,98.192364,5.82001656,8.743210999999999,30.9579134,96.3684,1.0505693,85.14469,93.72019999999999,7.386964999999999,17.2395155,14.301153999999999,48.2326835,76.55575,20.641268800000002,5.45319952
car-accident-00536.jpg,11.772947,10.7089356,46.7499524,0.40274174,12.743455200000001,18.6468124,34.3919784,81.25482000000001,43.9626426,89.71449,48.215547199999996,97.53471,22.4650726,1.1323764,91.8275654,50.4888833,2.08669249,55.8854938,43.96282,6.306378,26.88329,38.34022,28.2364041,84.57061999999999
car-accident-00369.jpg,45.7908124,2.1378241499999997,95.37077550000001,4.822057,49.486842800000005,15.675218399999999,43.5961,81.5543652,36.10093,97.66181,17.2271118,97.01144000000001,22.96854,4.331061,94.149363,31.973075899999998,8.42918754,98.89105,71.9982,37.78011,53.526680000000006,33.46517,31.5018654,13.816532500000001
car-accident-00059.jpg,8.921304,2.69184746,89.2803133,0.599469244,7.109210000000001,5.7352643500000005,29.4429928,92.00572,37.747102999999996,97.63193,25.3162563,98.9367664,4.307522,2.54324935,97.49893549999999,7.552714000000001,5.7461258,86.502254,39.396300000000004,8.65726545,59.67499000000001,43.90938,12.483113999999999,20.0475082
car-accident-00003.jpeg,54.53533,10.4934782,40.29972,83.7015867,71.29098,48.7754822,8.375376,23.611787,84.5899343,96.31849,2.70298421,89.17096,7.715554539999999,6.585808,70.07776,27.357542499999997,5.3066168,64.45144,20.6052735,89.0733242,4.48485464,5.89211,3.834195,5.85197248
car-accident-00019.jpg,90.7398343,2.53740326,99.16233,12.562076699999999,88.4044945,17.9864451,40.299508,63.301390000000005,71.51794,97.68874,22.7866367,97.129786,33.156603600000004,3.3010255500000003,94.84687000000001,35.2670074,4.78943139,99.7566938,98.07399,95.2071667,70.94738480000001,19.7948411,1.15992744,0.274801
car-accident-00030.jpg,71.75635700000001,1.20553859,90.819,0.7851136999999999,41.07608,4.099147,74.8652756,85.6177151,17.6229537,95.7019448,17.38796,91.350776,56.42572,2.30010431,89.21969,50.20686,4.68551479,96.68132659999999,53.4013152,13.98509,57.600629999999995,51.37326,25.7075161,19.237268
car-accident-00517.jpeg,8.038855,11.5367867,20.2775523,0.6542072,10.2637559,16.1780342,56.20856,51.338756100000005,26.445259999999998,89.66698650000001,7.1518109999999995,90.54723,14.87447,1.88074224,79.4936359,34.3589634,1.38665112,22.1562847,24.8774171,6.12294339,12.940047700000001,31.2557578,10.7442811,80.16702
car-accident-00267.jpg,35.44567,1.43571449,84.1133058,12.54857,47.763773799999996,42.3384875,31.16641,45.4179436,66.1900461,95.56677,18.328957300000003,97.47165,12.4926344,0.54009133,96.63979,15.7885358,1.36205293,95.0062454,41.566514999999995,45.297426,20.4095781,15.326778599999999,4.73651439,12.02049
car-accident-00484.jpg,39.6191478,7.206529000000001,68.5739934,1.26502169,6.135888,6.644069,5.778225,93.30791,22.9955152,96.4192331,16.873166,95.82728,8.86180848,3.1639367299999996,89.1299963,19.0291554,9.34252143,89.7517145,23.97754,9.73164141,11.956552400000001,15.0167137,96.79624439999999,1.70101915
car-accident-00492.jpg,12.3275183,3.43975127,73.4787166,1.9835652799999999,10.0554653,23.144424,16.883358400000002,78.86173,44.2950338,98.69348409999999,5.061510999999999,94.52262999999999,9.204396,5.423418,94.74941,5.60186021,12.2790128,77.32067,4.721295,3.25657241,18.86914,27.590949999999996,73.37156999999999,36.726361499999996
car-accident-00163.jpg,85.74751,1.7425177600000001,92.35994,94.2100167,89.13815000000001,30.64039,18.545451800000002,43.8334852,75.86084,98.98400000000001,4.28021252,97.65531,21.0122645,1.9930524799999998,94.69711,42.701299999999996,2.02218983,98.97722,67.93338,94.67293,24.1658047,9.789391610000001,2.7205497,0.43956660000000003
car-accident-00466.jpg,18.9865038,5.7696190000000005,78.9343834,0.37867976400000003,20.232752,12.5566348,23.119244,81.93203,32.6029629,95.40068000000001,17.549036400000002,94.60937,13.866584000000001,4.283532999999999,87.35473,23.1690824,8.66730139,81.50034550000001,29.1923225,6.025303,39.1571373,42.44986,31.14321,50.041216600000006
car-accident-00403.jpg,10.126905899999999,1.3380617799999999,75.8619547,1.9212344700000001,18.2318091,75.08697,12.566413,82.5905144,61.444753399999996,98.33185,7.54153952,91.6392267,13.7550235,17.0590192,92.54042,25.2699375,24.086238400000003,71.62433,11.476778999999999,3.49193774,40.5401021,58.5428238,36.0860676,86.8985057
car-accident-00175.jpeg,82.10472,48.7522364,78.06259,76.21902,65.93847000000001,91.52903,9.977458,37.423583900000004,96.80039000000001,98.87354,24.2718816,97.30994,18.39694,20.6098363,74.2724359,64.45714,24.6647432,90.07341,65.1670754,94.34545,39.746975899999995,62.82763,5.502860620000001,0.3831548
car-accident-00050.jpg,29.2825371,2.05273,91.67945,22.9305834,36.1304283,54.8135161,33.2958549,80.08416,52.179089999999995,98.6859262,19.799839,87.4278247,26.3925076,35.32169,79.96822999999999,41.7392254,37.199073999999996,97.20185000000001,37.7376169,33.60864,42.0508683,29.9881369,54.76256000000001,13.743340000000002
car-accident-00546.jpg,19.787589999999998,9.92651656,60.30716,1.0235603899999999,34.58342,23.813536799999998,14.482794700000001,83.4464252,54.4159532,98.89603,9.919337,95.87014,19.8783278,8.947598,92.44855,28.2614768,16.3851663,82.54043,24.6672377,9.3105,29.5139223,54.18358,44.7134316,50.9664
car-accident-00435.jpg,15.464684400000001,1.53129045,30.7572782,0.77743507,23.685286899999998,84.32142999999999,0.9167799000000001,8.51142853,94.91946999999999,97.93939999999999,1.1569464600000001,10.51724,2.4516018099999997,88.2871,12.4565884,9.17146,86.92485690000001,32.0266,2.63142753,2.38699112,47.030052500000004,53.895439999999994,3.9510835,4.39322852
car-accident-00270.jpg,69.80149,7.984787,95.90535,2.9777606899999998,65.49796,33.1869543,22.9355916,65.4328465,72.38009,99.20343,10.4056418,97.0542848,25.05133,3.87083665,88.5521531,62.1536136,5.66984527,97.78641999999999,89.62279,74.7723162,68.8351631,32.4656665,5.51719069,1.29763465
car-accident-00014.jpg,81.87803,23.8875717,68.44373,54.7324657,71.8465269,72.69221540000001,1.75687987,45.3762561,95.72533,97.39407,17.927543800000002,96.49607999999999,18.2399735,2.80535035,85.24038,47.9687065,3.515539,88.14237,77.15244999999999,94.27578,12.611044900000001,6.01834022,16.5435463,0.694019534
car-accident-00566.jpg,14.015813199999998,4.014404,65.2179658,0.160148868,9.536699,12.857833499999998,58.6199343,84.50314,11.5384258,91.68161,32.4306041,93.257004,24.2437109,1.9573031,89.1593039,36.682415,4.995308,72.51453,22.449052299999998,2.315292,38.112049999999996,45.3172565,20.064121500000002,83.14593430000001
car-accident-00447.jpg,44.38628,3.9272546800000003,83.8523,4.87878546,11.9908132,4.98100519,42.3531026,88.76057,19.777596,94.44433,25.953114,96.5334237,24.946080000000002,1.275771,93.064183,27.39382,3.3919695800000005,93.4571147,29.0300846,17.0823127,16.711404899999998,20.3230724,75.29261000000001,9.24363956
car-accident-00167.jpeg,93.1239963,5.72156124,95.1283157,85.34367,89.47261,44.0339059,73.29092,73.4961748,62.48471,99.54592,8.824454,96.63392309999999,29.63791,9.608730999999999,96.5322852,35.7050657,11.4368923,98.40639,68.80848,97.03676,13.1172851,42.0585066,7.00441,1.87168885
car-accident-00221.jpg,61.161339999999996,1.21349888,92.67701000000001,58.8097334,29.8304856,24.5868072,16.871845699999998,58.7996066,58.66688490000001,91.54390690000001,23.5615775,97.04145,5.70771322,6.21041656,95.77467,5.48805147,8.83572251,98.21032,68.8997,71.00438,49.2455333,8.798718449999999,8.339317,0.5043119
car-accident-00147.jpg,66.82042,2.64501479,94.25389,89.81566,72.90003,36.36081,25.17686,56.90955519999999,68.9308465,97.13552589999999,13.175721500000002,97.29178,5.09678237,7.511586,96.65291,8.263126,4.49404344,98.29964,65.8343,89.26223519999999,15.570951999999998,15.41425,8.303273,0.637289649
car-accident-00643.png,81.37919,0.348812016,47.620895499999996,67.83943000000001,34.5518827,11.568287,3.59106623,57.65816,28.3178031,71.2937057,10.6637262,94.911,1.1183545,1.7278933900000002,95.55489,0.8732381000000001,2.6804965,75.1030564,15.5558422,50.966805199999996,1.8058171500000002,0.9277704,43.500426399999995,0.260097766
car-accident-00453.jpg,21.82399,4.906048999999999,72.49416,8.825889,6.06932826,6.5305100000000005,22.001637499999998,86.7183566,19.7948471,97.10368,6.16826527,94.99611999999999,9.734693,3.04940958,94.39835,7.982945,7.79572949,72.8832841,10.565532699999999,7.372025,9.526788999999999,26.7225862,84.87101,6.185538
car-accident-00204.jpg,64.84774349999999,21.9061852,64.3304348,65.61928,57.769130000000004,94.48118,5.26132025,33.83373,97.03014490000001,99.02235999999999,10.4257345,87.99946,23.8935053,49.51145,76.88686,34.9881858,54.4848859,88.28292,43.76159,79.43417430000001,61.63786,31.2170357,28.701537799999997,2.83622146
car-accident-00283.jpg,73.49308,14.5315826,91.5347457,20.3458816,86.25554,62.89994,25.376720000000002,67.04655000000001,88.68269319999999,96.9570935,45.0412452,98.1321037,30.9471846,8.781373,96.71336409999999,36.7173254,10.6724121,97.61789440000001,81.8732262,90.86281000000001,47.0267624,51.355439999999994,12.567852400000001,24.4792029
car-accident-00415.jpg,66.34339,2.38917079,91.50103,8.575182,49.31995,28.2087535,47.5769073,71.78978000000001,14.959629999999999,95.53049,7.863148000000001,74.40191,58.331540000000004,3.49146761,67.87638,67.9339349,4.5206707,94.29984,50.25401000000001,33.6646676,48.81511,43.13157,4.96726446,4.72182855
car-accident-00473.jpeg,6.970837,25.254510000000003,71.77013,1.2295602799999998,7.22381249,10.3499725,22.034467799999998,73.63308669999999,41.971308,98.53264,4.33803275,95.26677,12.9383415,3.188657,80.91641,32.4203938,5.6363176600000005,67.58463,16.978080000000002,6.224065,39.5268232,34.9091977,54.927694800000005,12.348716699999999
car-accident-00427.jpg,3.788067,63.832840000000004,6.213556,7.148820000000001,7.799628,94.66322000000001,1.47815673,50.3078938,89.8724258,98.192364,5.82001656,8.743210999999999,30.9579134,96.3684,1.0505693,85.14469,93.72019999999999,7.386964999999999,17.2395155,14.301153999999999,48.2326835,76.55575,20.641268800000002,5.45319952
car-accident-00685.jpg,6.6984070000000004,93.13211,1.54389339,1.12013873,10.6892809,7.823231,0.647120131,36.1228049,46.9837129,78.62168,5.90793565,73.571,7.680444420000001,1.9255399999999998,3.6992307799999997,87.25045,2.4739738599999996,2.0436385599999998,46.7382938,18.7277973,24.1476312,14.2015174,6.522108,1.254655
car-accident-00164.jpg,49.3193537,2.448539,87.13645,78.1547844,52.92901,21.04928,20.4537645,40.478777900000004,73.8051236,92.36469000000001,17.8713664,94.0207958,7.560313000000001,3.5787735100000004,93.04351,15.502196600000001,4.05866764,93.98066,56.2483132,89.5528436,6.623028000000001,12.497490599999999,3.7397485199999996,3.51897366
car-accident-00257.jpg,70.5141842,1.7840740000000002,98.97177,48.3678371,44.3199456,48.737213000000004,14.2926946,68.91162,67.33407,91.3555861,46.1455822,97.5174248,11.1784182,6.10912219,95.6275344,19.442367599999997,7.395606000000001,99.7018456,94.8876262,92.16957000000001,53.40390000000001,15.590328000000001,6.295844000000001,0.40248115500000003
car-accident-00393.jpg,45.52008,1.48453452,94.34757,5.35915531,37.93107,42.6006764,31.6272438,72.20794000000001,50.941354000000004,97.6317346,20.7793221,97.80682,15.5537337,3.640776,95.44658,26.8414676,7.082523409999999,97.8653431,41.3623244,23.9852309,59.579616800000004,38.636973499999996,28.612905700000002,12.676432700000001
car-accident-00001.jpg,78.93057999999999,2.4471197300000003,94.4329739,27.399617399999997,88.20357,97.75128,4.23867069,18.0575341,98.00344,96.66927,25.00929,97.32346,17.5208211,2.1654752999999998,97.41172,21.799774499999998,5.004223,98.68961,80.03582999999999,84.62786,85.67012000000001,22.3757833,1.04498286,0.7996891
car-accident-00002.jpeg,67.0022547,1.80759728,85.92517,46.0993677,62.094986399999996,42.85258,22.8526652,68.92808000000001,70.91827,98.5494435,8.35033655,96.24355,13.2106319,4.057883,96.56175999999999,7.866192,5.54934554,91.46218999999999,31.582933699999998,61.15346,18.8172922,38.4631246,28.2439828,2.31565274
car-accident-00411.jpg,71.14822,8.5803695,83.31168,3.42940427,79.27562,60.5595648,4.31678928,69.61902380000001,91.091454,99.3047535,7.9685255900000005,95.9890842,6.899971000000001,23.0678767,94.09183,19.4740787,27.251797900000003,92.452693,37.3956144,26.207602,61.93032000000001,48.043865000000004,31.85033,17.1531036
car-accident-00286.jpg,49.367538100000004,7.38597959,88.75444999999999,1.74125675,47.8810757,18.9925775,43.368348499999996,76.97296999999999,55.016773900000004,90.00163,65.10916,95.18575,46.3503033,4.34941128,85.01778,61.67165,7.3749389999999995,94.449234,73.656404,24.2291018,62.337830000000004,62.11312,17.6605284,13.5820091
car-accident-00419.png,48.8343537,2.05481034,77.84715,38.60113,74.0053654,99.62257,2.29968876,9.230496,98.9598751,99.22137,6.15708753,18.64682,11.5969218,97.91719,14.8168534,25.714135199999998,98.16616,89.56292,30.996388200000002,70.25812,70.06208000000001,50.842549999999996,1.39898127,1.13175465
car-accident-00112.jpg,13.35923,6.177396,51.529753199999995,0.663275644,13.332323700000002,16.12751,34.18409,80.10122,56.35611,94.6475565,42.685857399999996,99.5202959,3.0625416,1.1371117099999999,97.5708544,20.0209588,2.8126834,54.42506,22.6000637,5.195494,28.126806,39.895626899999996,18.9442709,88.5219157
car-accident-00690.jpg,7.68349,97.74623,2.06055958,3.936066,3.97729166,5.512845,13.0275846,77.7785957,20.351676599999998,93.11819,8.96703154,89.65087,21.9583571,2.76653823,12.5374809,94.52978,2.75238939,2.3894640000000003,52.447456100000004,33.99219,19.7428137,22.6207241,14.364717900000002,7.19932541
car-accident-00357.jpg,21.6031045,2.8657911300000003,63.95710999999999,1.29182311,11.7705323,32.900150000000004,45.77418,70.89371679999999,29.1439772,95.80568670000001,17.55219,97.06268999999999,13.376671100000001,2.72008441,90.91466,40.56515,4.217779,75.2333,29.898069999999997,5.92273,48.59207,49.72401,8.826073,56.04356000000001
car-accident-00421.jpg,18.9611435,6.439398000000001,65.6617165,2.5748387,42.86379,98.72682,1.15518263,25.1564831,96.92725,99.34763,5.898906,17.7183554,7.97034055,97.5365162,11.8097119,23.4311521,96.4610457,78.00556,19.7206169,15.163406700000001,73.73188,56.2291443,6.686585000000001,4.5268327
car-accident-00389.jpeg,45.9251225,2.1046515599999998,96.69818,25.97297,47.6138,29.327166100000003,35.6766015,78.82899,49.68529,96.4007258,20.357243699999998,92.48485,15.289703,16.03474,94.45259,17.5171316,12.7643526,98.53574,80.96081000000001,73.84624,42.44522,34.6530229,15.462495400000002,4.60048765
car-accident-00229.jpg,73.85688,1.699211,96.21591000000001,69.95236,85.95776000000001,62.833059999999996,10.432256800000001,37.5222445,93.33036,94.68812,23.7015948,79.4311762,23.9887938,20.5408812,79.90933,36.2858862,25.1454234,98.1900632,70.28363,81.5024137,54.8480868,49.8153418,2.6472046999999996,0.8658791000000001
car-accident-00251.jpg,89.9181664,6.9530330000000005,98.42309999999999,9.281886,87.1322453,16.3890108,65.91443,88.100785,27.98651,98.7942159,24.0770966,95.0792,71.0603952,8.384208,86.93051,73.60726,14.876159999999999,99.56334,97.26779,89.60159,73.335284,30.553789999999996,9.579876,3.6399649999999997
car-accident-00114.jpg,23.6607552,3.2684900000000003,83.69913700000001,0.43985509999999994,22.1101567,15.899065100000001,10.691699400000001,89.3250346,37.404835199999994,92.21431,35.514015,94.96217999999999,14.310541700000002,4.95864265,92.7895963,16.066075899999998,8.960775,86.599046,26.566459999999996,5.17103858,46.706593000000005,54.303205,34.78849,44.32418
car-accident-00360.jpg,61.4302456,3.6876142,90.12748,0.7370195,40.8718675,27.6342571,21.607933900000003,84.85097999999999,50.26243,98.71729,19.1968575,95.52096,18.9789459,9.000813,87.13067,41.8648183,14.490430000000002,96.8672454,72.45425,40.00277,59.7561061,42.313269999999996,21.44654,5.584101
car-accident-00247.jpg,96.50763,5.20228557,99.19923539999999,29.70481,87.593323,56.440663300000004,22.5828424,75.21917,79.35912,99.36988,12.666328299999998,96.738863,35.98899,8.4788315,96.07606,33.69227,12.874828299999999,99.81518390000001,96.6211855,97.92086,62.0161235,29.4105172,5.75170144,0.1568248
car-accident-00356.jpg,45.7908124,2.1378241499999997,95.37077550000001,4.822057,49.486842800000005,15.675218399999999,43.5961,81.5543652,36.10093,97.66181,17.2271118,97.01144000000001,22.96854,4.331061,94.149363,31.973075899999998,8.42918754,98.89105,71.9982,37.78011,53.526680000000006,33.46517,31.5018654,13.816532500000001
car-accident-00494.jpg,24.548471,4.637519999999999,30.761107799999998,3.87324467,25.130507299999998,87.28615640000001,1.9834857399999999,21.1417258,74.2401659,97.93263,1.51150674,10.492871,4.62343171,90.30062,7.294647,10.1337843,89.29987,35.3778183,4.55405936,8.083075000000001,61.22054,29.721894900000002,7.4690389999999995,0.488243
car-accident-00622.png,97.1955657,0.5399079529999999,30.893629999999998,5.0073158,17.9481685,0.979572348,3.5160299999999998,71.58032,35.9031647,96.59811,3.44907641,94.17371,3.345732,0.4515825,96.7174351,2.86143851,1.0425617,44.44759,20.5295354,44.433555000000005,1.26284147,1.40536139,35.7490867,0.0249232515
car-accident-00086.jpg,16.6984677,2.02483516,76.7765,7.0907029999999995,14.7263482,12.9269734,9.613122,87.80123,42.9847628,97.69771,19.27176,98.47508,10.0692987,2.1373236600000003,98.04352,6.605198,5.41706979,88.3939743,5.82164265,7.435295,14.485651299999999,17.2207728,81.26457,34.351652900000005
car-accident-00707.jpg,88.8425767,4.690688,98.1775343,5.5578012,72.60784,24.150493700000002,16.51192,78.14624,69.18028000000001,98.86449,20.2642187,96.0425556,31.07415,7.350376,90.9821749,51.48521,11.4923678,99.3775547,94.21704410000001,76.2954235,80.233,18.008171,26.7962039,0.308692618
car-accident-00379.jpg,65.82983,2.096963,94.65609,3.5175815200000002,43.079640000000005,30.257228,27.501170000000002,76.7898738,40.712311899999996,97.69297,8.29910561,94.258213,27.485972600000004,6.0522873,92.03829,40.30759,9.545314000000001,98.04872999999999,64.1614139,28.4992576,57.67319,40.0432616,24.5724052,10.377702900000001
car-accident-00584.jpg,2.323584,4.390085,20.4452232,0.7931467,5.67067936,12.1928722,22.78291,62.24973,25.134107500000002,93.5748041,8.256288620000001,98.07193,0.6724186,1.8085315800000001,91.71215000000001,8.583501,2.57439148,22.0246524,7.784033,2.51196176,7.093523,27.008882200000002,6.7690459999999995,88.78937
car-accident-00506.jpg,44.746590000000005,0.6803667640000001,96.482563,3.817259,28.5895169,21.0638329,16.018839200000002,82.3145449,27.58947,96.78767,8.314545449999999,96.84519999999999,10.6336936,4.211753,95.37581,9.32643,8.561001,98.3215034,33.514908,10.85064,47.9983,32.7386945,61.56036,3.81004252
car-accident-00603.jpg,95.3525662,4.102374999999999,9.402021000000001,3.6676202,10.3417471,3.72293629,0.42091272799999996,81.76027,41.7660445,83.96865,26.2445837,79.55633399999999,18.4800029,2.7397604700000002,47.49042,30.20494,5.080363999999999,46.0698783,22.62701,10.262083299999999,29.894423500000002,2.99477279,57.8061342,0.0288349023
car-accident-00377.jpg,4.390295,1.19684087,84.9377155,0.160804752,3.43013,9.978847,12.527975399999999,94.16535499999999,20.1331928,92.75317,52.86817550000001,98.520416,6.413186,0.876938,96.7977345,8.888575,5.811519,91.52968,12.94493,1.14672659,39.597132800000004,32.7217817,54.8445642,38.2775515
car-accident-00635.png,9.957370000000001,13.522626500000001,3.4635987100000003,0.554276863,2.693141,4.34391573,8.53612348,67.60535,10.380787399999999,90.62217,3.700646,40.1991755,20.271958400000003,3.83312255,16.6313738,39.2640084,5.329358,10.7000753,19.458913799999998,3.2286200000000003,6.4539550000000006,13.37574,42.71515,1.6524690000000002
car-accident-00031.jpg,55.99904,29.514282899999998,46.6128945,46.7805833,44.4432855,54.2616844,5.775266510000001,39.5076364,74.54023,95.5274463,3.1406313200000002,84.87333,20.833382,6.1969552199999995,47.4991053,54.315864999999995,4.77353334,66.09476,59.09533999999999,82.32396,41.55392,17.0665443,2.4552397399999997,0.6355134
car-accident-00381.jpg,69.42709,3.74566279,93.7592745,3.13591175,55.60412409999999,29.066926199999997,31.983247399999996,88.4123266,53.61289380000001,99.0677834,13.2762,98.2732534,30.0022274,6.630984,97.3303258,36.4067882,13.897432400000001,98.3953536,64.68547,33.3159,61.29669,43.7657446,63.54359000000001,13.6269376
car-accident-00088.jpg,31.8717629,0.728756562,93.364507,4.1588395799999995,26.49822,9.30822045,6.210183,87.56316,20.8187982,93.97173,17.2575384,86.8905544,17.4081191,9.51667354,86.28804679999999,18.8528225,12.33528,99.00562000000001,45.807775899999996,25.705596800000002,32.4294955,11.3974549,65.29132,3.17133
car-accident-00127.jpg,85.09125,2.26404183,98.66075,18.9188,73.2969761,18.3229133,16.0790637,83.52266,66.30851,95.55633660000001,54.98879,97.24939,29.322599999999998,4.45111729,96.19918469999999,22.3360941,8.919888,99.79533,95.53085,94.7983861,55.98542,17.9938212,15.9754083,0.269664684
car-accident-00361.jpeg,32.465097300000004,3.25592719,91.20439,6.571842999999999,47.6892918,25.455236399999997,46.35414,78.15817,34.0694547,97.516644,11.531774,95.83477,17.510814999999997,4.82356958,94.57659000000001,20.285818,8.148680630000001,96.30966,59.06482,27.5825322,42.2142476,36.15948,29.321375500000002,23.1351942
car-accident-00323.jpg,26.17947,18.3506966,41.9433624,2.31449772,48.432779999999994,37.1450216,9.277676,60.66274000000001,80.479,95.79053520000001,25.3993839,98.7725258,4.999207709999999,2.61035468,90.82473519999999,34.979078200000004,3.987725,49.7184515,51.8355,18.3599487,45.188424,46.4805961,8.131761,40.2729243
car-accident-00702.jpg,18.830762800000002,2.30572913,96.1832047,6.32469058,11.6657048,24.5465025,12.6524851,53.882830000000006,55.4256141,97.11396690000001,6.14738837,94.3946958,8.180897,2.89432127,90.58036,9.315345,3.99554819,96.36468,83.5179,38.6899948,78.93722,20.3475878,1.6966888699999998,0.308183255
car-accident-00533.jpeg,2.01425888,15.491356,31.1518162,0.102214329,3.3545609999999995,14.1608864,29.508200000000002,36.94061,49.552544999999995,91.69698360000001,6.75447062,96.2850153,2.73476485,1.88286416,76.8303752,24.4865015,2.58849077,20.739158999999997,14.403317900000001,1.11093754,38.0731046,39.801618500000004,5.97155429,75.868696
car-accident-00530.jpg,8.15991,6.728691609999999,39.3610865,2.07538083,7.207980999999999,12.852492900000001,66.2718534,68.0592,22.697680000000002,92.19576,16.3941249,95.61404,10.459768799999999,2.163344,91.70093,20.8556622,2.67488174,33.0154717,13.679698100000001,2.84466054,21.1460814,52.50109,33.7894171,82.03489
car-accident-00294.jpg,44.24194,6.91538453,52.2839546,2.01065931,26.9786537,73.8617361,30.72602,60.47575,51.5283346,97.96855,13.382965299999999,39.7934526,32.3963583,57.84013,33.2441956,55.53317,52.7082741,75.1917,37.4160975,17.0284435,75.8216,52.77565,5.54800071,10.953746
car-accident-00301.jpg,94.3047941,0.9980921,99.53193999999999,74.73481,87.62785,75.9254336,12.8183931,44.610685100000005,90.35998,97.36598,17.1761185,98.821336,19.0957069,1.5762087,98.42315,19.0752983,3.1830873299999998,99.92536,96.3664234,97.4477053,72.2448945,9.908701,1.979111,0.0624642067
car-accident-00660.jpg,39.51192,2.58563869,95.15992399999999,2.91944984,39.264223,39.973667299999995,52.515350000000005,71.41298,29.545852500000002,52.10032999999999,93.3290541,64.4279957,85.94988000000001,9.812584520000001,67.00234999999999,80.06755,10.3814855,97.12916609999999,84.33706,19.8772818,71.35671,55.73887,5.952052,25.9467155
car-accident-00455.jpg,3.0447213,0.8822760000000001,90.21279,0.310190069,1.03346035,0.5919913,8.573211,96.67557479999999,5.012286,99.20539000000001,1.49972616,97.49803,3.32818851,0.254121,98.32506,2.0887574200000003,0.8381103000000001,94.53859,1.580049,1.09833013,0.492559234,13.233557300000001,96.95315,6.312394
car-accident-00026.jpg,63.8447642,4.459403,98.2521951,23.2421651,77.53665,58.91426,32.438197699999996,52.76893379999999,84.45476,95.96535,26.8151641,96.4064062,18.8305452,8.59548748,96.0899651,23.4338537,11.6306841,99.40008,91.72161,83.2282066,74.97694489999999,48.000887,7.434214,1.794109
car-accident-00649.jpeg,94.71967,2.89361645,11.5531437,1.776514,14.600499,18.6907813,1.18688354,66.21855,62.911456799999996,95.9132969,11.8429132,87.4290466,11.171980900000001,2.0487789999999997,90.06963,10.567034,2.38032956,33.8545173,19.802089000000002,38.63612,2.056836,12.780990000000001,49.72545,0.685819658
car-accident-00583.jpg,30.825206599999998,10.0587912,43.8159645,0.18817469199999998,27.9892981,34.857,16.2896037,74.3666,63.41626,99.22845,4.978848,98.04553390000001,8.921345,2.40670051,95.05763999999999,21.510931799999998,4.918529,44.920159999999996,16.8233946,5.502629,25.3803819,56.73586,19.94135,68.3139
car-accident-00073.jpg,55.18117,3.1757470000000003,76.9274831,1.0669010700000001,46.7101,72.285527,14.3229753,61.43250999999999,73.43337,95.96207,38.56254,96.00599,19.2794,3.0568378,93.65428,36.2272352,11.576616000000001,87.1532,27.2235334,12.62558,59.0532541,52.945640000000004,30.0701737,25.085154199999998
